# Partition table for Waveshare AMOLED 1.43C (8MB flash, no SD card)
# Reduced OTA slots to maximize LittleFS space for books.
# Firmware currently ~2.4MB; slots give ~2.75MB with safe headroom.
# LittleFS: 0x260000 = ~2.4MB
# Name,     Type, SubType,  Offset,    Size,     Flags
nvs,        data, nvs,      0x9000,    0x5000,
otadata,    data, ota,      0xE000,    0x2000,
app0,       app,  ota_0,    0x10000,   0x2C0000,
app1,       app,  ota_1,    0x2D0000,  0x2C0000,
littlefs,   data, spiffs,   0x590000,  0x260000,
coredump,   data, coredump, 0x7F0000,  0x10000,
